#,Name,Type 1,Type 2,Sp. Def,Speed,Generation,Legendary,Total,HP,Attack,Defense,Sp. Atk
1,Bulbasaur,Grass,Poison,65,45,1,False,1659.0,45,49,49,65
2,Ivysaur,Grass,Poison,80,60,1,False,2128.0,60,62,63,80
3,Venusaur,Grass,Poison,100,80,1,False,2788.0,80,82,83,100
3,VenusaurMega Venusaur,Grass,Poison,120,80,1,False,3376.0,80,100,123,122
4,Charmander,Fire,,50,65,1,False,1579.0,39,52,43,60
5,Charmeleon,Fire,,65,80,1,False,2098.0,58,64,58,80
6,Charizard,Fire,Flying,85,100,1,False,2785.0,78,84,78,109
6,CharizardMega Charizard X,Fire,Dragon,85,100,1,False,3526.0,78,130,111,130
6,CharizardMega Charizard Y,Fire,Flying,115,100,1,False,3175.0,78,104,78,159
7,Squirtle,Water,,64,43,1,False,1718.0,44,48,65,50
8,Wartortle,Water,,80,58,1,False,2215.0,59,63,80,65
9,Blastoise,Water,,105,78,1,False,2885.0,79,83,100,85
9,BlastoiseMega Blastoise,Water,,115,78,1,False,3395.0,79,103,120,135
10,Caterpie,Bug,,20,45,1,False,1151.0,45,30,35,20
11,Metapod,Bug,,25,30,1,False,1261.0,50,20,55,25
12,Butterfree,Bug,Flying,80,70,1,False,1921.0,60,45,50,90
13,Weedle,Bug,Poison,20,50,1,False,1121.0,40,35,30,20
14,Kakuna,Bug,Poison,25,35,1,False,1231.0,45,25,50,25
15,Beedrill,Bug,Poison,80,75,1,False,2166.0,65,90,40,45
15,BeedrillMega Beedrill,Bug,Poison,80,145,1,False,2756.0,65,150,40,15
16,Pidgey,Normal,Flying,35,56,1,False,1378.0,40,45,40,35
17,Pidgeotto,Normal,Flying,50,71,1,False,1945.0,63,60,55,50
18,Pidgeot,Normal,Flying,70,101,1,False,2625.0,83,80,75,70
18,PidgeotMega Pidgeot,Normal,Flying,80,121,1,False,2920.0,83,80,80,135
19,Rattata,Normal,,35,72,1,False,1349.0,30,56,35,25
20,Raticate,Normal,,70,97,1,False,2194.0,55,81,60,50
21,Spearow,Normal,Flying,31,70,1,False,1441.0,40,60,30,31
22,Fearow,Normal,Flying,61,100,1,False,2426.0,65,90,65,61
23,Ekans,Poison,,54,55,1,False,1551.0,35,60,44,40
24,Arbok,Poison,,79,80,1,False,2376.0,60,85,69,65
25,Pikachu,Electric,,50,90,1,False,1566.0,35,55,40,50
26,Raichu,Electric,,80,110,1,False,2446.0,60,90,55,90
27,Sandshrew,Ground,,30,40,1,False,2011.0,50,75,85,20
28,Sandslash,Ground,,55,65,1,False,2836.0,75,100,110,45
29,Nidoran (Female),Poison,,40,41,1,False,1622.0,55,47,52,40
30,Nidorina,Poison,,55,56,1,False,2117.0,70,62,67,55
31,Nidoqueen,Poison,Ground,85,76,1,False,2887.0,90,92,87,75
32,Nidoran (Male),Poison,,40,50,1,False,1553.0,46,57,40,40
33,Nidorino,Poison,,55,65,1,False,2064.0,61,72,57,55
34,Nidoking,Poison,Ground,75,85,1,False,2844.0,81,102,77,85
35,Clefairy,Fairy,,65,35,1,False,1805.0,70,45,48,60
36,Clefable,Fairy,,90,60,1,False,2660.0,95,70,73,95
37,Vulpix,Fire,,65,65,1,False,1447.0,38,41,40,50
38,Ninetales,Fire,,100,100,1,False,2590.0,73,76,75,81
39,Jigglypuff,Normal,Fairy,25,20,1,False,1831.0,115,45,20,45
40,Wigglytuff,Normal,Fairy,50,45,1,False,2701.0,140,70,45,85
41,Zubat,Poison,Flying,40,55,1,False,1331.0,40,45,35,30
42,Golbat,Poison,Flying,75,90,1,False,2486.0,75,80,70,65
43,Oddish,Grass,Poison,65,30,1,False,1716.0,45,50,55,75
44,Gloom,Grass,Poison,75,40,1,False,2176.0,60,65,70,85
45,Vileplume,Grass,Poison,90,50,1,False,2691.0,75,80,85,110
46,Paras,Bug,Grass,55,25,1,False,1686.0,35,70,55,45
47,Parasect,Bug,Grass,80,30,1,False,2441.0,60,95,80,60
48,Venonat,Bug,Poison,55,45,1,False,1761.0,60,55,50,40
49,Venomoth,Bug,Poison,75,90,1,False,2301.0,70,65,60,90
50,Diglett,Ground,,45,95,1,False,1176.0,10,55,25,35
51,Dugtrio,Ground,,70,120,1,False,1971.0,35,80,50,50
52,Meowth,Normal,,40,90,1,False,1431.0,40,45,35,40
53,Persian,Normal,,65,115,1,False,2256.0,65,70,60,65
54,Psyduck,Water,,50,55,1,False,1713.0,50,52,48,65
55,Golduck,Water,,80,85,1,False,2703.0,80,82,78,95
56,Mankey,Fighting,,45,70,1,False,1701.0,40,80,35,35
57,Primeape,Fighting,,70,95,1,False,2526.0,65,105,60,60
58,Growlithe,Fire,,50,60,1,False,1921.0,55,70,45,70
59,Arcanine,Fire,,80,95,1,False,3096.0,90,110,80,100
60,Poliwag,Water,,40,90,1,False,1516.0,40,50,40,40
61,Poliwhirl,Water,,50,90,1,False,2126.0,65,65,65,50
62,Poliwrath,Water,Fighting,90,70,1,False,2961.0,90,95,95,70
63,Abra,Psychic,,55,90,1,False,1136.0,25,20,15,105
64,Kadabra,Psychic,,70,105,1,False,1631.0,40,35,30,120
65,Alakazam,Psychic,,95,120,1,False,2146.0,55,50,45,135
65,AlakazamMega Alakazam,Psychic,,95,150,1,False,2486.0,55,50,65,175
66,Machop,Fighting,,35,35,1,False,2001.0,70,80,50,35
67,Machoke,Fighting,,60,45,1,False,2546.0,80,100,70,50
68,Machamp,Fighting,,85,55,1,False,3101.0,90,130,80,65
69,Bellsprout,Grass,Poison,30,40,1,False,1761.0,50,75,35,70
70,Weepinbell,Grass,Poison,45,55,1,False,2256.0,65,90,50,85
71,Victreebel,Grass,Poison,70,70,1,False,2771.0,80,105,65,100
72,Tentacool,Water,Poison,100,70,1,False,1496.0,40,40,35,50
73,Tentacruel,Water,Poison,120,100,1,False,2556.0,80,70,65,80
74,Geodude,Rock,Ground,30,20,1,False,2076.0,40,80,100,30
75,Graveler,Rock,Ground,45,35,1,False,2571.0,55,95,115,45
76,Golem,Rock,Ground,65,45,1,False,3231.0,80,120,130,55
77,Ponyta,Fire,,65,90,1,False,2166.0,50,85,55,65
78,Rapidash,Fire,,80,105,1,False,2661.0,65,100,70,80
79,Slowpoke,Water,Psychic,40,15,1,False,2151.0,90,65,65,40
80,Slowbro,Water,Psychic,80,30,1,False,2936.0,95,75,110,100
80,SlowbroMega Slowbro,Water,Psychic,80,30,1,False,3586.0,95,75,180,130
81,Magnemite,Electric,Steel,55,45,1,False,1591.0,25,35,70,95
82,Magneton,Electric,Steel,70,70,1,False,2396.0,50,60,95,120
83,Farfetch'd,Normal,Flying,62,60,1,False,1917.0,52,65,55,58
84,Doduo,Normal,Flying,35,75,1,False,1771.0,35,85,45,35
85,Dodrio,Normal,Flying,60,100,1,False,2596.0,60,110,70,60
86,Seel,Water,,70,45,1,False,1801.0,65,45,55,45
87,Dewgong,Water,Ice,95,70,1,False,2626.0,90,70,80,70
88,Grimer,Poison,,50,25,1,False,2116.0,80,80,50,40
89,Muk,Poison,,100,50,1,False,2991.0,105,105,75,65
90,Shellder,Water,,25,40,1,False,1926.0,30,65,100,45
91,Cloyster,Water,Ice,45,70,1,False,3236.0,50,95,180,85
92,Gastly,Ghost,Poison,35,80,1,False,1361.0,30,35,30,100
93,Haunter,Ghost,Poison,55,95,1,False,1866.0,45,50,45,115
94,Gengar,Ghost,Poison,75,110,1,False,2371.0,60,65,60,130
94,GengarMega Gengar,Ghost,Poison,95,130,1,False,2731.0,60,65,80,170
95,Onix,Rock,Ground,45,70,1,False,2326.0,35,45,160,30
96,Drowzee,Psychic,,90,42,1,False,1731.0,60,48,45,43
97,Hypno,Psychic,,115,67,1,False,2571.0,85,73,70,73
98,Krabby,Water,,25,50,1,False,2166.0,30,105,90,25
99,Kingler,Water,,50,75,1,False,2991.0,55,130,115,50
100,Voltorb,Electric,,55,100,1,False,1511.0,40,30,50,55
101,Electrode,Electric,,80,140,1,False,2236.0,60,50,70,80
102,Exeggcute,Grass,Psychic,45,40,1,False,1896.0,60,40,80,60
103,Exeggutor,Grass,Psychic,65,55,1,False,3011.0,95,95,85,125
104,Cubone,Ground,,50,35,1,False,1956.0,50,50,95,40
105,Marowak,Ground,,80,45,1,False,2546.0,60,80,110,50
106,Hitmonlee,Fighting,,110,87,1,False,2459.0,50,120,53,35
107,Hitmonchan,Fighting,,110,76,1,False,2510.0,50,105,79,35
108,Lickitung,Normal,,75,30,1,False,2301.0,90,55,75,60
109,Koffing,Poison,,45,35,1,False,2051.0,40,65,95,60
110,Weezing,Poison,,70,60,1,False,2876.0,65,90,120,85
111,Rhyhorn,Ground,Rock,30,25,1,False,2451.0,80,85,95,30
112,Rhydon,Ground,Rock,45,40,1,False,3386.0,105,130,120,45
113,Chansey,Normal,,105,50,1,False,2756.0,250,5,5,35
114,Tangela,Grass,,40,60,1,False,2506.0,65,55,115,100
115,Kangaskhan,Normal,,80,90,1,False,2906.0,105,95,80,40
115,KangaskhanMega Kangaskhan,Normal,,100,100,1,False,3456.0,105,125,100,60
116,Horsea,Water,,25,60,1,False,1576.0,30,40,70,70
117,Seadra,Water,,45,85,1,False,2391.0,55,65,95,95
118,Goldeen,Water,,50,63,1,False,1825.0,45,67,60,35
119,Seaking,Water,,80,68,1,False,2565.0,80,92,65,65
120,Staryu,Water,,55,85,1,False,1611.0,30,45,55,70
121,Starmie,Water,Psychic,85,115,1,False,2601.0,60,75,85,100
122,Mr. Mime,Psychic,Fairy,120,90,1,False,2011.0,40,45,65,100
123,Scyther,Bug,Flying,80,105,1,False,2801.0,70,110,80,55
124,Jynx,Ice,Psychic,95,95,1,False,2046.0,65,50,35,115
125,Electabuzz,Electric,,85,105,1,False,2459.0,65,83,57,95
126,Magmar,Fire,,85,93,1,False,2558.0,65,95,57,100
127,Pinsir,Bug,,70,85,1,False,2991.0,65,125,100,55
127,PinsirMega Pinsir,Bug,Flying,90,105,1,False,3531.0,65,155,120,65
128,Tauros,Normal,,70,110,1,False,2821.0,75,100,95,40
129,Magikarp,Water,,20,80,1,False,961.0,20,10,55,15
130,Gyarados,Water,Flying,100,81,1,False,3160.0,95,125,79,60
130,GyaradosMega Gyarados,Water,Dark,130,81,1,False,3760.0,95,155,109,70
131,Lapras,Water,Ice,95,60,1,False,3146.0,130,85,80,85
132,Ditto,Normal,,48,48,1,False,1590.0,48,48,48,48
133,Eevee,Normal,,65,55,1,False,1771.0,55,55,50,45
134,Vaporeon,Water,,95,65,1,False,2891.0,130,65,60,110
135,Jolteon,Electric,,95,130,1,False,2436.0,65,65,60,110
136,Flareon,Fire,,110,65,1,False,2876.0,65,130,60,95
137,Porygon,Normal,,75,40,1,False,2176.0,65,60,70,85
138,Omanyte,Rock,Water,55,35,1,False,1931.0,35,40,100,90
139,Omastar,Rock,Water,70,55,1,False,2771.0,70,60,125,115
140,Kabuto,Rock,Water,45,55,1,False,2081.0,30,80,90,55
141,Kabutops,Rock,Water,70,80,1,False,2916.0,60,115,105,65
142,Aerodactyl,Rock,Flying,75,130,1,False,2781.0,80,105,65,60
142,AerodactylMega Aerodactyl,Rock,Flying,95,150,1,False,3321.0,80,135,85,70
143,Snorlax,Normal,,110,30,1,False,3431.0,160,110,65,65
144,Articuno,Ice,Flying,125,85,1,True,3093.0,90,85,100,95
145,Zapdos,Electric,Flying,90,100,1,True,3068.0,90,90,85,125
146,Moltres,Fire,Flying,85,90,1,True,3168.0,90,100,90,125
147,Dratini,Dragon,,50,50,1,False,1661.0,41,64,45,50
148,Dragonair,Dragon,,70,70,1,False,2321.0,61,84,65,70
149,Dragonite,Dragon,Flying,100,80,1,False,3451.0,91,134,95,100
150,Mewtwo,Psychic,,90,130,1,True,3579.0,106,110,90,154
150,MewtwoMega Mewtwo X,Psychic,Fighting,100,130,1,True,4399.0,106,190,100,154
150,MewtwoMega Mewtwo Y,Psychic,,120,140,1,True,3979.0,106,150,70,194
151,Mew,Psychic,,100,100,1,False,3306.0,100,100,100,100
152,Chikorita,Grass,,65,45,2,False,1745.0,45,49,65,49
153,Bayleef,Grass,,80,60,2,False,2219.0,60,62,80,63
154,Meganium,Grass,,100,80,2,False,2879.0,80,82,100,83
155,Cyndaquil,Fire,,50,65,2,False,1585.0,39,52,43,60
156,Quilava,Fire,,65,80,2,False,2104.0,58,64,58,80
157,Typhlosion,Fire,,85,100,2,False,2791.0,78,84,78,109
158,Totodile,Water,,48,43,2,False,1873.0,50,65,64,44
159,Croconaw,Water,,63,58,2,False,2376.0,65,80,80,59
160,Feraligatr,Water,,83,78,2,False,3081.0,85,105,100,79
161,Sentret,Normal,,45,20,2,False,1248.0,35,46,34,35
162,Furret,Normal,,55,90,2,False,2398.0,85,76,64,45
163,Hoothoot,Normal,Flying,56,50,2,False,1382.0,60,30,30,36
164,Noctowl,Normal,Flying,96,70,2,False,2322.0,100,50,50,76
165,Ledyba,Bug,Flying,80,55,2,False,1182.0,40,20,30,40
166,Ledian,Bug,Flying,110,85,2,False,1777.0,55,35,50,55
167,Spinarak,Bug,Poison,40,30,2,False,1492.0,40,60,40,40
168,Ariados,Bug,Poison,60,40,2,False,2392.0,70,90,70,60
169,Crobat,Poison,Flying,80,130,2,False,2857.0,85,90,80,70
170,Chinchou,Water,Electric,56,67,2,False,1747.0,75,38,38,56
171,Lanturn,Water,Electric,76,67,2,False,2637.0,125,58,58,76
172,Pichu,Electric,,35,60,2,False,967.0,20,40,15,35
173,Cleffa,Fairy,,55,15,2,False,1186.0,50,25,28,45
174,Igglybuff,Normal,Fairy,20,15,2,False,1402.0,90,30,15,40
175,Togepi,Fairy,,65,20,2,False,1317.0,35,20,65,40
176,Togetic,Fairy,Flying,105,40,2,False,2077.0,55,40,85,80
177,Natu,Psychic,Flying,45,70,2,False,1622.0,40,50,45,70
178,Xatu,Psychic,Flying,70,95,2,False,2447.0,65,75,70,95
179,Mareep,Electric,,45,35,2,False,1542.0,55,40,40,65
180,Flaaffy,Electric,,60,45,2,False,2027.0,70,55,55,80
181,Ampharos,Electric,,90,55,2,False,2812.0,90,75,85,115
181,AmpharosMega Ampharos,Electric,Dragon,110,45,2,False,3322.0,90,95,105,165
182,Bellossom,Grass,,100,50,2,False,2737.0,75,80,95,90
183,Marill,Water,Fairy,50,40,2,False,1462.0,70,20,50,20
184,Azumarill,Water,Fairy,80,50,2,False,2442.0,100,50,80,60
185,Sudowoodo,Rock,,65,30,2,False,2742.0,70,100,115,30
186,Politoed,Water,,100,70,2,False,2707.0,90,75,75,90
187,Hoppip,Grass,Flying,55,50,2,False,1277.0,35,35,40,35
188,Skiploom,Grass,Flying,65,80,2,False,1737.0,55,45,50,45
189,Jumpluff,Grass,Flying,95,110,2,False,2317.0,75,55,70,55
190,Aipom,Normal,,55,85,2,False,1977.0,55,70,55,40
191,Sunkern,Grass,,30,30,2,False,1002.0,30,30,30,30
192,Sunflora,Grass,,85,30,2,False,2347.0,75,75,55,105
193,Yanma,Bug,Flying,45,95,2,False,2047.0,65,65,45,75
194,Wooper,Water,Ground,25,15,2,False,1427.0,55,45,45,25
195,Quagsire,Water,Ground,65,35,2,False,2707.0,95,85,85,65
196,Espeon,Psychic,,95,110,2,False,2462.0,65,65,60,130
197,Umbreon,Dark,,130,65,2,False,2902.0,95,65,110,60
198,Murkrow,Dark,Flying,42,91,2,False,2174.0,60,85,42,85
199,Slowking,Water,Psychic,110,30,2,False,2762.0,95,75,80,100
200,Misdreavus,Ghost,,85,85,2,False,2167.0,60,60,60,85
201,Unown,Psychic,,48,48,2,False,1884.0,48,72,48,72
202,Wobbuffet,Psychic,,58,33,2,False,2764.0,190,33,58,33
203,Girafarig,Normal,Psychic,65,85,2,False,2452.0,70,80,65,90
204,Pineco,Bug,,35,15,2,False,1972.0,50,65,90,35
205,Forretress,Bug,Steel,60,40,2,False,2997.0,75,90,140,60
206,Dunsparce,Normal,,65,45,2,False,2517.0,100,70,70,65
207,Gligar,Ground,Flying,65,85,2,False,2517.0,65,75,105,35
208,Steelix,Steel,Ground,65,30,2,False,3407.0,75,85,200,55
208,SteelixMega Steelix,Steel,Ground,95,30,2,False,4067.0,75,125,230,55
209,Snubbull,Fairy,,40,30,2,False,1932.0,60,80,50,40
210,Granbull,Fairy,,60,45,2,False,2892.0,90,120,75,60
211,Qwilfish,Water,Poison,55,85,2,False,2497.0,65,95,75,55
212,Scizor,Bug,Steel,80,65,2,False,3067.0,70,130,100,55
212,ScizorMega Scizor,Bug,Steel,100,75,2,False,3657.0,70,150,140,65
213,Shuckle,Bug,Rock,230,5,2,False,2622.0,20,10,230,10
214,Heracross,Bug,Fighting,95,85,2,False,2937.0,80,125,75,40
214,HeracrossMega Heracross,Bug,Fighting,105,75,2,False,3797.0,80,185,115,40
215,Sneasel,Dark,Ice,75,115,2,False,2287.0,55,95,55,35
216,Teddiursa,Normal,,50,40,2,False,2002.0,60,80,50,50
217,Ursaring,Normal,,75,55,2,False,3077.0,90,130,75,75
218,Slugma,Fire,,40,20,2,False,1382.0,40,40,40,70
219,Magcargo,Fire,Rock,80,30,2,False,2332.0,50,50,120,80
220,Swinub,Ice,Ground,30,50,2,False,1482.0,50,50,40,30
221,Piloswine,Ice,Ground,60,50,2,False,2852.0,100,100,80,60
222,Corsola,Water,Rock,85,35,2,False,2117.0,55,55,85,65
223,Remoraid,Water,,35,65,2,False,1587.0,35,65,35,65
224,Octillery,Water,,75,45,2,False,2787.0,75,105,75,105
225,Delibird,Ice,Flying,45,75,2,False,1707.0,45,55,45,65
226,Mantine,Water,Flying,140,70,2,False,2177.0,65,40,70,80
227,Skarmory,Steel,Flying,70,70,2,False,2837.0,65,80,140,40
228,Houndour,Dark,Fire,50,65,2,False,1667.0,45,60,30,80
229,Houndoom,Dark,Fire,80,95,2,False,2577.0,75,90,50,110
229,HoundoomMega Houndoom,Dark,Fire,90,115,2,False,3047.0,75,90,90,140
230,Kingdra,Water,Dragon,95,85,2,False,2947.0,75,95,95,95
231,Phanpy,Ground,,40,40,2,False,2122.0,90,60,60,40
232,Donphan,Ground,,60,50,2,False,3262.0,90,120,120,60
233,Porygon2,Normal,,95,60,2,False,2842.0,85,80,90,105
234,Stantler,Normal,,65,85,2,False,2575.0,73,95,62,85
235,Smeargle,Normal,,45,75,2,False,1267.0,55,20,35,20
236,Tyrogue,Fighting,,35,35,2,False,1167.0,35,35,35,35
237,Hitmontop,Fighting,,110,70,2,False,2542.0,50,95,95,35
238,Smoochum,Ice,Psychic,65,65,2,False,1322.0,45,30,15,85
239,Elekid,Electric,,55,95,2,False,1775.0,45,63,37,65
240,Magby,Fire,,55,83,2,False,1874.0,45,75,37,70
241,Miltank,Normal,,70,100,2,False,2887.0,95,80,105,40
242,Blissey,Normal,,135,55,2,False,3082.0,255,10,10,75
243,Raikou,Electric,,100,115,2,True,2969.0,90,85,75,115
244,Entei,Fire,,75,100,2,True,3389.0,115,115,85,90
245,Suicune,Water,,115,85,2,True,3184.0,100,75,115,90
246,Larvitar,Rock,Ground,50,41,2,False,1755.0,50,64,50,45
247,Pupitar,Rock,Ground,70,51,2,False,2395.0,70,84,70,65
248,Tyranitar,Rock,Dark,100,61,2,False,3605.0,100,134,110,95
248,TyranitarMega Tyranitar,Rock,Dark,120,71,2,False,4255.0,100,164,150,95
249,Lugia,Psychic,Flying,154,110,2,True,3621.0,106,90,130,90
250,Ho-oh,Fire,Flying,154,90,2,True,3681.0,106,130,90,110
251,Celebi,Psychic,Grass,100,100,2,False,3312.0,100,100,100,100
252,Treecko,Grass,,55,70,3,False,1508.0,40,45,35,65
253,Grovyle,Grass,,65,95,3,False,1988.0,50,65,45,85
254,Sceptile,Grass,,85,120,3,False,2658.0,70,85,65,105
254,SceptileMega Sceptile,Grass,Dragon,85,145,3,False,3133.0,70,110,75,145
255,Torchic,Fire,,50,45,3,False,1683.0,45,60,40,70
256,Combusken,Fire,Fighting,60,55,3,False,2288.0,60,85,60,85
257,Blaziken,Fire,Fighting,70,80,3,False,3008.0,80,120,70,110
257,BlazikenMega Blaziken,Fire,Fighting,80,100,3,False,3568.0,80,160,80,130
258,Mudkip,Water,,50,40,3,False,1828.0,50,70,50,50
259,Marshtomp,Water,Ground,70,50,3,False,2393.0,70,85,70,60
260,Swampert,Water,Ground,90,60,3,False,3183.0,100,110,90,85
260,SwampertMega Swampert,Water,Ground,110,70,3,False,3793.0,100,150,110,95
261,Poochyena,Dark,,30,35,3,False,1328.0,35,55,35,30
262,Mightyena,Dark,,60,70,3,False,2458.0,70,90,70,60
263,Zigzagoon,Normal,,41,60,3,False,1250.0,38,30,41,30
264,Linoone,Normal,,61,100,3,False,2310.0,78,70,61,50
265,Wurmple,Bug,,30,20,3,False,1268.0,45,45,35,20
266,Silcoon,Bug,,25,15,3,False,1378.0,50,35,55,25
267,Beautifly,Bug,Flying,50,65,3,False,2118.0,60,70,50,100
268,Cascoon,Bug,,25,15,3,False,1378.0,50,35,55,25
269,Dustox,Bug,Poison,90,65,3,False,2028.0,60,50,70,50
270,Lotad,Water,Grass,50,30,3,False,1168.0,40,30,30,40
271,Lombre,Water,Grass,70,50,3,False,1828.0,60,50,50,60
272,Ludicolo,Water,Grass,100,70,3,False,2538.0,80,70,70,90
273,Seedot,Grass,,30,30,3,False,1348.0,40,40,50,30
274,Nuzleaf,Grass,Dark,40,60,3,False,1978.0,70,70,40,60
275,Shiftry,Grass,Dark,60,80,3,False,2758.0,90,100,60,90
276,Taillow,Normal,Flying,30,85,3,False,1433.0,40,55,30,30
277,Swellow,Normal,Flying,50,125,3,False,2303.0,60,85,60,50
278,Wingull,Water,Flying,30,85,3,False,1283.0,40,30,30,55
279,Pelipper,Water,Flying,70,65,3,False,2333.0,60,50,100,85
280,Ralts,Psychic,Fairy,35,40,3,False,980.0,28,25,25,45
281,Kirlia,Psychic,Fairy,55,50,3,False,1360.0,38,35,35,65
282,Gardevoir,Psychic,Fairy,115,80,3,False,2500.0,68,65,65,125
282,GardevoirMega Gardevoir,Psychic,Fairy,135,100,3,False,2880.0,68,85,65,165
283,Surskit,Bug,Water,52,65,3,False,1288.0,40,30,32,50
284,Masquerain,Bug,Flying,82,60,3,False,2208.0,70,60,62,80
285,Shroomish,Grass,,60,35,3,False,1708.0,60,40,60,40
286,Breloom,Grass,Fighting,60,70,3,False,2808.0,60,130,80,60
287,Slakoth,Normal,,35,30,3,False,1813.0,60,60,60,35
288,Vigoroth,Normal,,55,90,3,False,2553.0,80,80,80,55
289,Slaking,Normal,,65,100,3,False,4223.0,150,160,100,95
290,Nincada,Bug,Ground,30,40,3,False,1652.0,31,45,90,30
291,Ninjask,Bug,Flying,50,160,3,False,2307.0,61,90,45,50
292,Shedinja,Bug,Ghost,30,40,3,False,1427.0,1,90,45,30
293,Whismur,Normal,,23,28,3,False,1492.0,64,51,23,51
294,Loudred,Normal,,43,48,3,False,2152.0,84,71,43,71
295,Exploud,Normal,,73,68,3,False,2832.0,104,91,63,91
296,Makuhita,Fighting,,30,25,3,False,1616.0,72,60,30,20
297,Hariyama,Fighting,,60,50,3,False,3214.0,144,120,60,40
298,Azurill,Normal,Fairy,40,20,3,False,1148.0,50,20,40,20
299,Nosepass,Rock,,90,30,3,False,2148.0,30,45,135,45
300,Skitty,Normal,,35,50,3,False,1508.0,50,45,45,35
301,Delcatty,Normal,,55,70,3,False,2168.0,70,65,65,55
302,Sableye,Dark,Ghost,65,50,3,False,2168.0,50,75,75,65
302,SableyeMega Sableye,Dark,Ghost,115,20,3,False,2758.0,50,85,125,85
303,Mawile,Steel,Fairy,55,50,3,False,2288.0,50,85,85,55
303,MawileMega Mawile,Steel,Fairy,95,50,3,False,2868.0,50,105,125,55
304,Aron,Steel,Rock,40,30,3,False,2158.0,50,70,100,40
305,Lairon,Steel,Rock,50,40,3,False,2818.0,60,90,140,50
306,Aggron,Steel,Rock,60,50,3,False,3478.0,70,110,180,60
306,AggronMega Aggron,Steel,,80,50,3,False,4188.0,70,140,230,60
307,Meditite,Fighting,Psychic,55,60,3,False,1438.0,30,40,55,40
308,Medicham,Fighting,Psychic,75,80,3,False,2188.0,60,60,75,60
308,MedichamMega Medicham,Fighting,Psychic,85,100,3,False,2748.0,60,100,85,80
309,Electrike,Electric,,40,65,3,False,1508.0,40,45,40,65
310,Manectric,Electric,,60,105,3,False,2448.0,70,75,60,105
310,ManectricMega Manectric,Electric,,80,135,3,False,2798.0,70,75,80,135
311,Plusle,Electric,,75,95,3,False,1923.0,60,50,40,85
312,Minun,Electric,,85,95,3,False,1903.0,60,40,50,75
313,Volbeat,Bug,,75,85,3,False,2161.0,65,73,55,47
314,Illumise,Bug,,75,85,3,False,2005.0,65,47,55,73
315,Roselia,Grass,Poison,80,65,3,False,1958.0,50,60,45,100
316,Gulpin,Poison,,53,40,3,False,1774.0,70,43,53,43
317,Swalot,Poison,,83,55,3,False,2734.0,100,73,83,73
318,Carvanha,Water,Dark,20,65,3,False,1758.0,45,90,20,65
319,Sharpedo,Water,Dark,40,95,3,False,2603.0,70,120,40,95
319,SharpedoMega Sharpedo,Water,Dark,65,105,3,False,3138.0,70,140,70,110
320,Wailmer,Water,,35,60,3,False,2498.0,130,70,35,70
321,Wailord,Water,,45,60,3,False,3198.0,170,90,45,90
322,Numel,Fire,Ground,45,35,3,False,1773.0,60,60,40,65
323,Camerupt,Fire,Ground,75,40,3,False,2653.0,70,100,70,105
323,CameruptMega Camerupt,Fire,Ground,105,20,3,False,3213.0,70,120,100,145
324,Torkoal,Fire,,70,20,3,False,2968.0,70,85,140,85
325,Spoink,Psychic,,80,60,3,False,1553.0,60,25,35,70
326,Grumpig,Psychic,,110,80,3,False,2313.0,80,45,65,90
327,Spinda,Normal,,60,60,3,False,1998.0,60,60,60,60
328,Trapinch,Ground,,45,10,3,False,1928.0,45,100,45,45
329,Vibrava,Ground,Dragon,50,70,3,False,1888.0,50,70,50,50
330,Flygon,Ground,Dragon,80,100,3,False,2878.0,80,100,80,80
331,Cacnea,Grass,,40,35,3,False,1958.0,50,85,40,85
332,Cacturne,Grass,Dark,60,55,3,False,2738.0,70,115,60,115
333,Swablu,Normal,Flying,75,50,3,False,1633.0,45,40,60,40
334,Altaria,Dragon,Flying,105,80,3,False,2623.0,75,70,90,70
334,AltariaMega Altaria,Dragon,Fairy,105,80,3,False,3263.0,75,110,110,110
335,Zangoose,Normal,,60,90,3,False,2670.0,73,115,60,60
336,Seviper,Poison,,60,65,3,False,2605.0,73,100,60,100
337,Lunatone,Rock,Psychic,85,70,3,False,2258.0,70,55,65,95
338,Solrock,Rock,Psychic,65,70,3,False,2618.0,70,95,85,55
339,Barboach,Water,Ground,41,60,3,False,1584.0,50,48,43,46
340,Whiscash,Water,Ground,71,60,3,False,2784.0,110,78,73,76
341,Corphish,Water,,35,35,3,False,1935.0,43,80,65,50
342,Crawdaunt,Water,Dark,55,55,3,False,2835.0,63,120,85,90
343,Baltoy,Ground,Psychic,70,55,3,False,1548.0,40,40,55,40
344,Claydol,Ground,Psychic,120,75,3,False,2628.0,60,70,105,70
345,Lileep,Rock,Grass,87,23,3,False,2000.0,66,41,77,61
346,Cradily,Rock,Grass,107,43,3,False,2840.0,86,81,97,81
347,Anorith,Rock,Bug,50,75,3,False,2048.0,45,95,50,40
348,Armaldo,Rock,Bug,80,45,3,False,3078.0,75,125,100,70
349,Feebas,Water,,55,80,3,False,793.0,20,15,20,10
350,Milotic,Water,,125,81,3,False,2757.0,95,60,79,100
351,Castform,Normal,,70,70,3,False,2328.0,70,70,70,70
352,Kecleon,Normal,,120,40,3,False,2428.0,60,90,70,60
353,Shuppet,Ghost,,33,45,3,False,1714.0,44,75,35,63
354,Banette,Ghost,,63,65,3,False,2654.0,64,115,65,83
354,BanetteMega Banette,Ghost,,83,75,3,False,3274.0,64,165,75,93
355,Duskull,Ghost,,90,25,3,False,1598.0,20,40,90,30
356,Dusclops,Ghost,,130,25,3,False,2538.0,40,70,130,60
357,Tropius,Grass,Flying,87,51,3,False,2677.0,99,68,83,72
358,Chimecho,Psychic,,80,65,3,False,2188.0,65,50,70,95
359,Absol,Dark,,60,75,3,False,2748.0,65,130,60,75
359,AbsolMega Absol,Dark,,60,115,3,False,3128.0,65,150,60,115
360,Wynaut,Psychic,,48,23,3,False,1675.0,95,23,48,23
361,Snorunt,Ice,,50,50,3,False,1668.0,50,50,50,50
362,Glalie,Ice,,80,80,3,False,2658.0,80,80,80,80
362,GlalieMega Glalie,Ice,,80,100,3,False,3178.0,80,120,80,120
363,Spheal,Ice,Water,50,25,3,False,1723.0,70,40,50,55
364,Sealeo,Ice,Water,70,45,3,False,2383.0,90,60,70,75
365,Walrein,Ice,Water,90,65,3,False,3043.0,110,80,90,95
366,Clamperl,Water,,55,32,3,False,1985.0,35,64,85,74
367,Huntail,Water,,75,52,3,False,2825.0,55,104,105,94
368,Gorebyss,Water,,75,52,3,False,2705.0,55,84,105,114
369,Relicanth,Water,Rock,65,55,3,False,3143.0,100,90,130,45
370,Luvdisc,Water,,65,97,3,False,1559.0,43,30,55,40
371,Bagon,Dragon,,30,50,3,False,1858.0,45,75,60,40
372,Shelgon,Dragon,,50,50,3,False,2638.0,65,95,100,60
373,Salamence,Dragon,Flying,80,100,3,False,3418.0,95,135,80,110
373,SalamenceMega Salamence,Dragon,Flying,90,120,3,False,3998.0,95,145,130,120
374,Beldum,Steel,Psychic,60,30,3,False,1798.0,40,55,80,35
375,Metang,Steel,Psychic,80,50,3,False,2458.0,60,75,100,55
376,Metagross,Steel,Psychic,90,70,3,False,3598.0,80,135,130,95
376,MetagrossMega Metagross,Steel,Psychic,110,110,3,False,3998.0,80,145,150,105
377,Regirock,Rock,,100,50,3,True,3695.0,80,100,200,50
378,Regice,Ice,,200,50,3,True,2795.0,80,50,100,100
379,Registeel,Steel,,150,50,3,True,3245.0,80,75,150,75
380,Latias,Dragon,Psychic,130,110,3,True,2995.0,80,80,90,110
380,LatiasMega Latias,Dragon,Psychic,150,110,3,True,3545.0,80,100,120,140
381,Latios,Dragon,Psychic,110,110,3,True,3025.0,80,90,80,130
381,LatiosMega Latios,Dragon,Psychic,120,110,3,True,3655.0,80,130,100,160
382,Kyogre,Water,,140,90,3,True,3455.0,100,100,90,150
382,KyogrePrimal Kyogre,Water,,160,90,3,True,4035.0,100,150,90,180
383,Groudon,Ground,,90,90,3,True,4055.0,100,150,140,100
383,GroudonPrimal Groudon,Ground,Fire,90,90,3,True,4635.0,100,180,160,150
384,Rayquaza,Dragon,Flying,90,95,3,True,3860.0,105,150,90,150
384,RayquazaMega Rayquaza,Dragon,Flying,100,115,3,True,4360.0,105,180,100,180
385,Jirachi,Steel,Psychic,100,100,3,True,3325.0,100,100,100,100
386,DeoxysNormal Forme,Psychic,,50,150,3,True,3075.0,50,150,50,150
386,DeoxysAttack Forme,Psychic,,20,150,3,True,3135.0,50,180,20,180
386,DeoxysDefense Forme,Psychic,,160,90,3,True,3095.0,50,70,160,70
386,DeoxysSpeed Forme,Psychic,,90,180,3,True,2875.0,50,95,90,95
387,Turtwig,Grass,,55,31,4,False,1950.0,55,68,64,45
388,Grotle,Grass,,65,36,4,False,2547.0,75,89,85,55
389,Torterra,Grass,Ground,85,56,4,False,3207.0,95,109,105,75
390,Chimchar,Fire,,44,61,4,False,1678.0,44,58,44,58
391,Monferno,Fire,Fighting,52,81,4,False,2218.0,64,78,52,78
392,Infernape,Fire,Fighting,71,108,4,False,2882.0,76,104,71,104
393,Piplup,Water,,56,40,4,False,1759.0,53,51,53,61
394,Prinplup,Water,,76,50,4,False,2233.0,64,66,68,81
395,Empoleon,Water,Steel,101,60,4,False,2913.0,84,86,88,111
396,Starly,Normal,Flying,30,60,4,False,1389.0,40,55,30,30
397,Staravia,Normal,Flying,40,80,4,False,1954.0,55,75,50,40
398,Staraptor,Normal,Flying,60,100,4,False,2899.0,85,120,70,50
399,Bidoof,Normal,,40,31,4,False,1527.0,59,45,40,35
400,Bibarel,Normal,Water,60,71,4,False,2407.0,79,85,60,55
401,Kricketot,Bug,,41,25,4,False,1117.0,37,25,41,25
402,Kricketune,Bug,,51,65,4,False,2287.0,77,85,51,55
403,Shinx,Electric,,34,45,4,False,1564.0,45,65,34,40
404,Luxio,Electric,,49,60,4,False,2119.0,60,85,49,60
405,Luxray,Electric,,79,70,4,False,3039.0,80,120,79,95
406,Budew,Grass,Poison,70,55,4,False,1334.0,40,30,35,50
407,Roserade,Grass,Poison,105,90,4,False,2479.0,60,70,65,125
408,Cranidos,Rock,,30,58,4,False,2338.0,67,125,40,30
409,Rampardos,Rock,,50,58,4,False,3273.0,97,165,60,65
410,Shieldon,Rock,Steel,88,30,4,False,1978.0,30,42,118,42
411,Bastiodon,Rock,Steel,138,30,4,False,2853.0,60,52,168,47
412,Burmy,Bug,,45,36,4,False,1254.0,40,29,45,29
413,WormadamPlant Cloak,Bug,Grass,105,36,4,False,2294.0,60,59,85,79
413,WormadamSandy Cloak,Bug,Ground,85,36,4,False,2534.0,60,79,105,59
413,WormadamTrash Cloak,Bug,Steel,95,36,4,False,2414.0,60,69,95,69
414,Mothim,Bug,Flying,50,66,4,False,2414.0,70,94,50,94
415,Combee,Bug,Flying,42,70,4,False,1214.0,30,30,42,30
416,Vespiquen,Bug,Flying,102,40,4,False,2714.0,70,80,102,80
417,Pachirisu,Electric,,90,95,4,False,2034.0,60,45,70,45
418,Buizel,Water,,30,85,4,False,1794.0,55,65,35,60
419,Floatzel,Water,,50,115,4,False,2759.0,85,105,55,85
420,Cherubi,Grass,,53,35,4,False,1466.0,45,35,45,62
421,Cherrim,Grass,,78,85,4,False,2341.0,70,60,70,87
422,Shellos,Water,,62,34,4,False,1887.0,76,48,48,57
423,Gastrodon,Water,Ground,82,39,4,False,2832.0,111,83,68,92
424,Ambipom,Normal,,66,115,4,False,2669.0,75,100,66,60
425,Drifloon,Ghost,Flying,44,70,4,False,1964.0,90,50,34,60
426,Drifblim,Ghost,Flying,54,80,4,False,2984.0,150,80,44,90
427,Buneary,Normal,,56,85,4,False,1879.0,55,66,44,44
428,Lopunny,Normal,,96,105,4,False,2529.0,65,76,84,54
428,LopunnyMega Lopunny,Normal,Fighting,96,135,4,False,3209.0,65,136,94,54
429,Mismagius,Ghost,,105,105,4,False,2319.0,60,60,60,105
430,Honchkrow,Dark,Flying,52,71,4,False,3026.0,100,125,52,105
431,Glameow,Normal,,37,85,4,False,1666.0,49,55,42,42
432,Purugly,Normal,,59,112,4,False,2447.0,71,82,64,64
433,Chingling,Psychic,,50,45,4,False,1484.0,45,30,50,65
434,Stunky,Poison,Dark,41,74,4,False,1887.0,63,63,47,41
435,Skuntank,Poison,Dark,61,84,4,False,2827.0,103,93,67,71
436,Bronzor,Steel,Psychic,86,23,4,False,1731.0,57,24,86,24
437,Bronzong,Steel,Psychic,116,33,4,False,2891.0,67,89,116,79
438,Bonsly,Rock,,45,10,4,False,2094.0,50,80,95,10
439,Mime Jr.,Psychic,Fairy,90,60,4,False,1299.0,20,25,45,70
440,Happiny,Normal,,65,30,4,False,1244.0,100,5,5,15
441,Chatot,Normal,Flying,42,91,4,False,2195.0,76,65,45,92
442,Spiritomb,Ghost,Dark,108,35,4,False,2728.0,50,92,108,92
443,Gible,Dragon,Ground,45,42,4,False,1830.0,58,70,45,40
444,Gabite,Dragon,Ground,55,82,4,False,2390.0,68,90,65,50
445,Garchomp,Dragon,Ground,85,102,4,False,3540.0,108,130,95,80
445,GarchompMega Garchomp,Dragon,Ground,95,92,4,False,4180.0,108,170,115,120
446,Munchlax,Normal,,85,5,4,False,2624.0,135,85,40,40
447,Riolu,Fighting,,40,60,4,False,1639.0,40,70,40,35
448,Lucario,Fighting,Steel,70,90,4,False,2869.0,70,110,70,115
448,LucarioMega Lucario,Fighting,Steel,70,112,4,False,3447.0,70,145,88,140
449,Hippopotas,Ground,,42,32,4,False,2170.0,68,72,78,38
450,Hippowdon,Ground,,72,47,4,False,3390.0,108,112,118,68
451,Skorupi,Poison,Bug,55,65,4,False,1884.0,40,50,90,30
452,Drapion,Poison,Dark,75,95,4,False,2864.0,70,90,110,60
453,Croagunk,Poison,Fighting,40,50,4,False,1688.0,48,61,40,61
454,Toxicroak,Poison,Fighting,65,85,4,False,2803.0,83,106,65,86
455,Carnivine,Grass,,72,46,4,False,2672.0,74,100,72,90
456,Finneon,Water,,61,66,4,False,1755.0,49,49,56,49
457,Lumineon,Water,,86,91,4,False,2435.0,69,69,76,69
458,Mantyke,Water,Flying,120,50,4,False,1529.0,45,20,50,60
459,Snover,Grass,Ice,60,40,4,False,1908.0,60,62,50,62
460,Abomasnow,Grass,Ice,85,60,4,False,2828.0,90,92,75,92
460,AbomasnowMega Abomasnow,Grass,Ice,105,30,4,False,3528.0,90,132,105,132
461,Weavile,Dark,Ice,85,125,4,False,2809.0,70,120,65,45
462,Magnezone,Electric,Steel,90,60,4,False,2894.0,70,70,115,130
463,Lickilicky,Normal,,95,50,4,False,3069.0,110,85,95,80
464,Rhyperior,Ground,Rock,55,40,4,False,3714.0,115,140,130,55
465,Tangrowth,Grass,,50,50,4,False,3354.0,100,100,125,110
466,Electivire,Electric,,85,95,4,False,2987.0,75,123,67,95
467,Magmortar,Fire,,95,83,4,False,2821.0,75,95,67,125
468,Togekiss,Fairy,Flying,115,80,4,False,2749.0,85,50,95,120
469,Yanmega,Bug,Flying,56,95,4,False,2820.0,86,76,86,116
470,Leafeon,Grass,,65,95,4,False,3139.0,65,110,130,60
471,Glaceon,Ice,,95,65,4,False,2739.0,65,60,110,130
472,Gliscor,Ground,Flying,75,95,4,False,3029.0,75,95,125,45
473,Mamoswine,Ice,Ground,60,80,4,False,3314.0,110,130,80,70
474,Porygon-Z,Normal,,75,90,4,False,2804.0,85,80,70,135
475,Gallade,Psychic,Fighting,115,80,4,False,2866.0,68,125,65,65
475,GalladeMega Gallade,Psychic,Fighting,115,110,4,False,3526.0,68,165,95,65
476,Probopass,Rock,Steel,150,40,4,False,2824.0,60,55,145,75
477,Dusknoir,Ghost,,135,45,4,False,2964.0,45,100,135,65
478,Froslass,Ice,Ghost,70,110,4,False,2534.0,70,80,70,80
479,Rotom,Electric,Ghost,77,91,4,False,2161.0,50,50,77,95
479,RotomHeat Rotom,Electric,Fire,107,86,4,False,2616.0,50,65,107,105
479,RotomWash Rotom,Electric,Water,107,86,4,False,2616.0,50,65,107,105
479,RotomFrost Rotom,Electric,Ice,107,86,4,False,2616.0,50,65,107,105
479,RotomFan Rotom,Electric,Flying,107,86,4,False,2616.0,50,65,107,105
479,RotomMow Rotom,Electric,Grass,107,86,4,False,2616.0,50,65,107,105
480,Uxie,Psychic,,130,95,4,True,3096.0,75,75,130,75
481,Mesprit,Psychic,,105,80,4,True,3221.0,80,105,105,105
482,Azelf,Psychic,,70,115,4,True,3136.0,75,125,70,125
483,Dialga,Steel,Dragon,100,90,4,True,3801.0,100,120,120,150
484,Palkia,Water,Dragon,120,100,4,True,3611.0,90,120,100,150
485,Heatran,Fire,Steel,106,77,4,True,3264.0,91,90,106,130
486,Regigigas,Normal,,110,100,4,True,4001.0,110,160,110,80
487,GiratinaAltered Forme,Ghost,Dragon,120,90,4,True,3961.0,150,100,120,100
487,GiratinaOrigin Forme,Ghost,Dragon,100,90,4,True,4001.0,150,120,100,120
488,Cresselia,Psychic,,130,85,4,False,3349.0,120,70,120,75
489,Phione,Water,,80,80,4,False,2664.0,80,80,80,80
490,Manaphy,Water,,100,100,4,False,3324.0,100,100,100,100
491,Darkrai,Dark,,90,125,4,True,3026.0,70,90,90,135
492,ShayminLand Forme,Grass,,100,100,4,True,3331.0,100,100,100,100
492,ShayminSky Forme,Grass,Flying,75,127,4,True,3222.0,100,103,75,120
493,Arceus,Normal,,120,120,4,True,3991.0,120,120,120,120
494,Victini,Psychic,Fire,100,100,5,True,3337.0,100,100,100,100
495,Snivy,Grass,,55,63,5,False,1651.0,45,45,55,45
496,Servine,Grass,,75,83,5,False,2206.0,60,60,75,60
497,Serperior,Grass,,95,113,5,False,2781.0,75,75,95,75
498,Tepig,Fire,,45,45,5,False,1857.0,65,63,45,45
499,Pignite,Fire,Fighting,55,55,5,False,2547.0,90,93,55,70
500,Emboar,Fire,Fighting,65,65,5,False,3207.0,110,123,65,100
501,Oshawott,Water,,45,45,5,False,1749.0,55,55,45,63
502,Dewott,Water,,60,60,5,False,2349.0,75,75,60,83
503,Samurott,Water,,70,70,5,False,3069.0,95,100,85,108
504,Patrat,Normal,,39,42,5,False,1509.0,45,55,39,35
505,Watchog,Normal,,69,77,5,False,2359.0,60,85,69,60
506,Lillipup,Normal,,45,55,5,False,1610.0,45,60,45,25
507,Herdier,Normal,,65,60,5,False,2210.0,65,80,65,35
508,Stoutland,Normal,,90,80,5,False,2980.0,85,110,90,45
509,Purrloin,Dark,,37,66,5,False,1501.0,41,50,37,50
510,Liepard,Dark,,50,106,5,False,2374.0,64,88,50,88
511,Pansage,Grass,,48,64,5,False,1724.0,50,53,48,53
512,Simisage,Grass,,63,101,5,False,2713.0,75,98,63,98
513,Pansear,Fire,,48,64,5,False,1724.0,50,53,48,53
514,Simisear,Fire,,63,101,5,False,2713.0,75,98,63,98
515,Panpour,Water,,48,64,5,False,1724.0,50,53,48,53
516,Simipour,Water,,63,101,5,False,2713.0,75,98,63,98
517,Munna,Psychic,,55,24,5,False,1658.0,76,25,45,67
518,Musharna,Psychic,,95,29,5,False,2818.0,116,55,85,107
519,Pidove,Normal,Flying,30,43,5,False,1629.0,50,55,50,36
520,Tranquill,Normal,Flying,42,65,5,False,2141.0,62,77,62,50
521,Unfezant,Normal,Flying,55,93,5,False,2916.0,80,115,80,65
522,Blitzle,Electric,,32,76,5,False,1597.0,45,60,32,50
523,Zebstrika,Electric,,63,116,5,False,2707.0,75,100,63,80
524,Roggenrola,Rock,,25,15,5,False,2035.0,55,75,85,25
525,Boldore,Rock,,40,20,5,False,2715.0,70,105,105,50
526,Gigalith,Rock,,80,25,5,False,3440.0,85,135,130,60
527,Woobat,Psychic,Flying,43,72,5,False,1669.0,55,45,43,55
528,Swoobat,Psychic,Flying,55,114,5,False,2155.0,67,57,55,77
529,Drilbur,Ground,,45,68,5,False,1971.0,60,85,40,30
530,Excadrill,Ground,Steel,65,88,5,False,3171.0,110,135,60,50
531,Audino,Normal,,86,50,5,False,2637.0,103,60,86,60
531,AudinoMega Audino,Normal,Fairy,126,50,5,False,3097.0,103,60,126,80
532,Timburr,Fighting,,35,35,5,False,2080.0,75,80,55,25
533,Gurdurr,Fighting,,50,40,5,False,2720.0,85,105,85,40
534,Conkeldurr,Fighting,,65,45,5,False,3380.0,105,140,95,55
535,Tympole,Water,,40,64,5,False,1608.0,50,50,40,50
536,Palpitoad,Water,Ground,55,69,5,False,2173.0,75,65,55,65
537,Seismitoad,Water,Ground,75,74,5,False,2983.0,105,95,75,85
538,Throh,Fighting,,85,45,5,False,3040.0,120,100,85,30
539,Sawk,Fighting,,75,85,5,False,2840.0,75,125,75,30
540,Sewaddle,Bug,Grass,60,42,5,False,1796.0,45,53,70,40
541,Swadloon,Bug,Grass,80,42,5,False,2206.0,55,63,90,50
542,Leavanny,Bug,Grass,80,92,5,False,2826.0,75,103,80,70
543,Venipede,Bug,Poison,39,57,5,False,1459.0,30,45,59,30
544,Whirlipede,Bug,Poison,79,47,5,False,2049.0,40,55,99,40
545,Scolipede,Bug,Poison,69,112,5,False,2709.0,60,100,89,55
546,Cottonee,Grass,Fairy,50,66,5,False,1456.0,40,27,60,37
547,Whimsicott,Grass,Fairy,75,116,5,False,2466.0,60,67,85,77
548,Petilil,Grass,,50,30,5,False,1520.0,45,35,50,70
549,Lilligant,Grass,,75,90,5,False,2460.0,70,60,75,110
550,Basculin,Water,,55,98,5,False,2554.0,70,92,65,80
551,Sandile,Ground,Dark,35,65,5,False,1713.0,50,72,35,35
552,Krokorok,Ground,Dark,45,74,5,False,2041.0,60,82,45,45
553,Krookodile,Ground,Dark,70,92,5,False,3097.0,95,117,80,65
554,Darumaka,Fire,,45,50,5,False,2065.0,70,90,45,15
555,DarmanitanStandard Mode,Fire,,55,95,5,False,3065.0,105,140,55,30
555,DarmanitanZen Mode,Fire,Psychic,105,55,5,False,2825.0,105,30,105,140
556,Maractus,Grass,,67,60,5,False,2587.0,75,86,67,106
557,Dwebble,Bug,Rock,35,55,5,False,2030.0,50,65,85,35
558,Crustle,Bug,Rock,75,45,5,False,2950.0,70,95,125,65
559,Scraggy,Dark,Fighting,70,48,5,False,2056.0,50,75,70,35
560,Scrafty,Dark,Fighting,115,58,5,False,2826.0,65,90,115,45
561,Sigilyph,Psychic,Flying,80,97,5,False,2503.0,72,58,80,103
562,Yamask,Ghost,,65,30,5,False,1677.0,38,30,85,55
563,Cofagrigus,Ghost,,105,30,5,False,2717.0,58,50,145,95
564,Tirtouga,Water,Rock,45,22,5,False,2335.0,54,78,103,53
565,Carracosta,Water,Rock,65,32,5,False,3175.0,74,108,133,83
566,Archen,Rock,Flying,45,70,5,False,2345.0,55,112,45,74
567,Archeops,Rock,Flying,65,110,5,False,3171.0,75,140,65,112
568,Trubbish,Poison,,62,65,5,False,1800.0,50,50,62,40
569,Garbodor,Poison,,82,75,5,False,2755.0,80,95,82,60
570,Zorua,Dark,,40,65,5,False,1745.0,40,65,40,80
571,Zoroark,Dark,,60,105,5,False,2685.0,60,105,60,120
572,Minccino,Normal,,40,75,5,False,1645.0,55,50,40,40
573,Cinccino,Normal,,60,115,5,False,2585.0,75,95,60,65
574,Gothita,Psychic,,65,45,5,False,1490.0,45,30,50,55
575,Gothorita,Psychic,,85,55,5,False,2040.0,60,45,70,75
576,Gothitelle,Psychic,,110,65,5,False,2550.0,70,55,95,95
577,Solosis,Psychic,,50,20,5,False,1480.0,45,30,40,105
578,Duosion,Psychic,,60,30,5,False,1930.0,65,40,50,125
579,Reuniclus,Psychic,,85,30,5,False,2810.0,110,65,75,125
580,Ducklett,Water,Flying,50,55,5,False,1726.0,62,44,50,44
581,Swanna,Water,Flying,63,98,5,False,2575.0,75,87,63,87
582,Vanillite,Ice,,60,44,5,False,1607.0,36,50,50,65
583,Vanillish,Ice,,75,59,5,False,2102.0,51,65,65,80
584,Vanilluxe,Ice,,95,79,5,False,2882.0,71,95,85,110
585,Deerling,Normal,Grass,50,75,5,False,1880.0,60,60,50,40
586,Sawsbuck,Normal,Grass,70,95,5,False,2720.0,80,100,70,60
587,Emolga,Electric,Flying,60,103,5,False,2231.0,55,75,60,75
588,Karrablast,Bug,,45,60,5,False,1845.0,50,75,45,40
589,Escavalier,Bug,Steel,105,20,5,False,3145.0,70,135,105,60
590,Foongus,Grass,Poison,55,15,5,False,1811.0,69,55,45,55
591,Amoonguss,Grass,Poison,80,30,5,False,2856.0,114,85,70,85
592,Frillish,Water,Ghost,85,40,5,False,1730.0,55,40,50,65
593,Jellicent,Water,Ghost,105,60,5,False,2615.0,100,60,70,85
594,Alomomola,Water,,45,65,5,False,3170.0,165,75,80,40
595,Joltik,Bug,Electric,50,65,5,False,1704.0,50,47,50,57
596,Galvantula,Bug,Electric,60,108,5,False,2460.0,70,77,60,97
597,Ferroseed,Grass,Steel,86,10,5,False,1868.0,44,50,91,24
598,Ferrothorn,Grass,Steel,116,20,5,False,3024.0,74,94,131,54
599,Klink,Steel,,60,30,5,False,1760.0,40,55,70,45
600,Klang,Steel,,85,50,5,False,2530.0,60,80,95,70
601,Klinklang,Steel,,85,90,5,False,2950.0,60,100,115,70
602,Tynamo,Electric,,40,60,5,False,1495.0,35,55,40,45
603,Eelektrik,Electric,,70,40,5,False,2385.0,65,85,70,75
604,Eelektross,Electric,,80,50,5,False,3045.0,85,115,80,105
605,Elgyem,Psychic,,55,30,5,False,1885.0,55,55,55,85
606,Beheeyem,Psychic,,95,40,5,False,2625.0,75,75,75,125
607,Litwick,Ghost,Fire,55,20,5,False,1535.0,50,30,55,65
608,Lampent,Ghost,Fire,60,55,5,False,1925.0,60,40,60,95
609,Chandelure,Ghost,Fire,90,80,5,False,2560.0,60,55,90,145
610,Axew,Dragon,,40,57,5,False,1991.0,46,87,60,30
611,Fraxure,Dragon,,50,67,5,False,2591.0,66,117,70,40
612,Haxorus,Dragon,,70,97,5,False,3271.0,76,147,90,60
613,Cubchoo,Ice,,40,40,5,False,1815.0,55,70,40,60
614,Beartic,Ice,,80,50,5,False,2985.0,95,110,80,70
615,Cryogonal,Ice,,135,105,5,False,2115.0,70,50,30,95
616,Shelmet,Bug,,65,25,5,False,1820.0,50,40,85,40
617,Accelgor,Bug,,60,145,5,False,2410.0,80,70,40,100
618,Stunfisk,Ground,Electric,99,32,5,False,2782.0,109,66,84,81
619,Mienfoo,Fighting,,50,65,5,False,1995.0,45,85,50,55
620,Mienshao,Fighting,,60,105,5,False,2835.0,65,125,60,95
621,Druddigon,Dragon,,90,48,5,False,2979.0,77,120,90,60
622,Golett,Ground,Ghost,50,35,5,False,1902.0,59,74,50,35
623,Golurk,Ground,Ghost,80,55,5,False,3022.0,89,124,80,55
624,Pawniard,Dark,Steel,40,60,5,False,2080.0,45,85,70,40
625,Bisharp,Dark,Steel,70,70,5,False,3000.0,65,125,100,60
626,Bouffalant,Normal,,95,55,5,False,3055.0,95,110,95,40
627,Rufflet,Normal,Flying,50,60,5,False,2138.0,70,83,50,37
628,Braviary,Normal,Flying,75,80,5,False,3118.0,100,123,75,57
629,Vullaby,Dark,Flying,65,60,5,False,2140.0,70,55,75,45
630,Mandibuzz,Dark,Flying,95,80,5,False,2960.0,110,65,105,55
631,Heatmor,Fire,,66,65,5,False,2773.0,85,97,66,105
632,Durant,Bug,Steel,48,109,5,False,2887.0,58,109,112,48
633,Deino,Dark,Dragon,50,38,5,False,1794.0,52,65,50,45
634,Zweilous,Dark,Dragon,70,58,5,False,2454.0,72,85,70,65
635,Hydreigon,Dark,Dragon,90,98,5,False,3274.0,92,105,90,125
636,Larvesta,Bug,Fire,55,60,5,False,2110.0,55,85,55,50
637,Volcarona,Bug,Fire,105,100,5,False,2670.0,85,60,65,135
638,Cobalion,Steel,Fighting,72,108,5,True,3328.0,91,90,129,90
639,Terrakion,Rock,Fighting,90,108,5,True,3349.0,91,129,90,72
640,Virizion,Grass,Fighting,129,108,5,True,2986.0,91,90,72,90
641,TornadusIncarnate Forme,Flying,,80,111,5,True,3100.0,79,115,70,125
641,TornadusTherian Forme,Flying,,90,121,5,True,3040.0,79,100,80,110
642,ThundurusIncarnate Forme,Electric,Flying,80,111,5,True,3100.0,79,115,70,125
642,ThundurusTherian Forme,Electric,Flying,80,101,5,True,3050.0,79,105,70,145
643,Reshiram,Dragon,Fire,120,90,5,True,3687.0,100,120,100,150
644,Zekrom,Dragon,Electric,100,90,5,True,3987.0,100,150,120,120
645,LandorusIncarnate Forme,Ground,Flying,80,101,5,True,3390.0,89,125,90,115
645,LandorusTherian Forme,Ground,Flying,80,91,5,True,3520.0,89,145,90,105
646,Kyurem,Dragon,Ice,90,95,5,True,3812.0,125,130,90,130
646,KyuremBlack Kyurem,Dragon,Ice,90,95,5,True,4222.0,125,170,100,120
646,KyuremWhite Kyurem,Dragon,Ice,100,95,5,True,3862.0,125,120,90,170
647,KeldeoOrdinary Forme,Water,Fighting,90,108,5,False,3000.0,91,72,90,129
647,KeldeoResolute Forme,Water,Fighting,90,108,5,False,3000.0,91,72,90,129
648,MeloettaAria Forme,Normal,Psychic,128,90,5,False,3059.0,100,77,77,128
648,MeloettaPirouette Forme,Normal,Fighting,77,128,5,False,3443.0,100,128,90,77
649,Genesect,Bug,Steel,95,99,5,False,3257.0,71,120,95,120
650,Chespin,Grass,,45,38,6,False,1919.0,56,61,65,48
651,Quilladin,Grass,,58,57,6,False,2445.0,61,78,95,56
652,Chesnaught,Grass,Fighting,75,64,6,False,3267.0,88,107,122,74
653,Fennekin,Fire,,60,60,6,False,1547.0,40,45,40,62
654,Braixen,Fire,,70,73,6,False,2118.0,59,59,58,90
655,Delphox,Fire,Psychic,100,104,6,False,2658.0,75,69,72,114
656,Froakie,Water,,44,71,6,False,1645.0,41,56,40,62
657,Frogadier,Water,,56,97,6,False,2060.0,54,63,52,83
658,Greninja,Water,Dark,71,122,6,False,2770.0,72,95,67,103
659,Bunnelby,Normal,,36,57,6,False,1288.0,38,36,38,32
660,Diggersby,Normal,Ground,77,78,6,False,2381.0,85,56,77,50
661,Fletchling,Normal,Flying,38,62,6,False,1555.0,45,50,43,40
662,Fletchinder,Fire,Flying,52,84,6,False,2131.0,62,73,55,56
663,Talonflame,Fire,Flying,69,126,6,False,2647.0,78,81,71,74
664,Scatterbug,Bug,,25,35,6,False,1214.0,38,35,40,27
665,Spewpa,Bug,,30,29,6,False,1318.0,45,22,60,27
666,Vivillon,Bug,Flying,50,89,6,False,2172.0,80,52,50,90
667,Litleo,Fire,Normal,54,72,6,False,1979.0,62,50,58,73
668,Pyroar,Fire,Normal,66,106,6,False,2669.0,86,68,72,109
669,Flabébé,Fairy,,79,42,6,False,1511.0,44,38,39,61
670,Floette,Fairy,,98,52,6,False,1828.0,54,45,47,75
671,Florges,Fairy,,154,75,6,False,2661.0,78,65,68,112
672,Skiddo,Grass,,57,52,6,False,2003.0,66,65,48,62
673,Gogoat,Grass,,81,68,6,False,3128.0,123,100,62,97
674,Pancham,Fighting,,48,43,6,False,2193.0,67,82,62,46
675,Pangoro,Fighting,Dark,71,58,6,False,3096.0,95,124,78,69
676,Furfrou,Normal,,90,102,6,False,2490.0,75,80,60,65
677,Espurr,Psychic,,60,68,6,False,1903.0,62,48,54,63
678,MeowsticMale,Psychic,,81,104,6,False,2361.0,74,48,76,83
678,MeowsticFemale,Psychic,,81,104,6,False,2361.0,74,48,76,83
679,Honedge,Steel,Ghost,37,28,6,False,2196.0,45,80,100,35
680,Doublade,Steel,Ghost,49,35,6,False,3060.0,59,110,150,45
681,AegislashBlade Forme,Steel,Ghost,50,60,6,False,2996.0,60,150,50,150
681,AegislashShield Forme,Steel,Ghost,150,60,6,False,2796.0,60,50,150,50
682,Spritzee,Fairy,,65,23,6,False,2051.0,78,52,60,63
683,Aromatisse,Fairy,,89,29,6,False,2702.0,101,72,72,99
684,Swirlix,Fairy,,57,49,6,False,1943.0,62,48,66,59
685,Slurpuff,Fairy,,75,72,6,False,2731.0,82,80,86,85
686,Inkay,Dark,Psychic,46,45,6,False,1716.0,53,54,53,37
687,Malamar,Dark,Psychic,75,73,6,False,2842.0,86,92,88,68
688,Binacle,Rock,Water,56,50,6,False,1747.0,42,52,67,39
689,Barbaracle,Rock,Water,86,68,6,False,3019.0,72,105,115,54
690,Skrelp,Poison,Water,60,30,6,False,1866.0,50,60,60,60
691,Dragalge,Poison,Dragon,123,44,6,False,2641.0,65,75,90,97
692,Clauncher,Water,,63,44,6,False,1847.0,50,53,62,58
693,Clawitzer,Water,,89,59,6,False,2692.0,71,73,88,120
694,Helioptile,Electric,Normal,43,70,6,False,1447.0,44,38,33,61
695,Heliolisk,Electric,Normal,94,109,6,False,2238.0,62,55,52,109
696,Tyrunt,Rock,Dragon,45,48,6,False,2296.0,58,89,77,45
697,Tyrantrum,Rock,Dragon,59,71,6,False,3282.0,82,121,119,69
698,Amaura,Rock,Ice,63,46,6,False,2079.0,77,59,50,67
699,Aurorus,Rock,Ice,92,58,6,False,3009.0,123,77,72,99
700,Sylveon,Fairy,,130,60,6,False,2706.0,95,65,65,110
701,Hawlucha,Fighting,Flying,63,118,6,False,2750.0,78,92,75,74
702,Dedenne,Electric,Fairy,67,101,6,False,2196.0,67,58,57,81
703,Carbink,Rock,Fairy,150,50,6,False,2686.0,50,50,150,50
704,Goomy,Dragon,,75,40,6,False,1566.0,45,50,35,55
705,Sliggoo,Dragon,,113,60,6,False,2342.0,68,75,53,83
706,Goodra,Dragon,,150,80,6,False,3096.0,90,100,70,110
707,Klefki,Steel,Fairy,87,75,6,False,2561.0,57,80,91,80
708,Phantump,Ghost,Grass,60,38,6,False,1783.0,43,70,48,50
709,Trevenant,Ghost,Grass,82,56,6,False,2870.0,85,110,76,65
710,PumpkabooAverage Size,Ghost,Grass,55,51,6,False,1975.0,49,66,70,44
710,PumpkabooSmall Size,Ghost,Grass,55,56,6,False,1940.0,44,66,70,44
710,PumpkabooLarge Size,Ghost,Grass,55,46,6,False,2010.0,54,66,70,44
710,PumpkabooSuper Size,Ghost,Grass,55,41,6,False,2045.0,59,66,70,44
711,GourgeistAverage Size,Ghost,Grass,75,84,6,False,2899.0,65,90,122,58
711,GourgeistSmall Size,Ghost,Grass,75,99,6,False,2794.0,55,85,122,58
711,GourgeistLarge Size,Ghost,Grass,75,69,6,False,3004.0,75,95,122,58
711,GourgeistSuper Size,Ghost,Grass,75,54,6,False,3109.0,85,100,122,58
712,Bergmite,Ice,,35,28,6,False,2054.0,55,69,85,32
713,Avalugg,Ice,,46,28,6,False,3696.0,95,117,184,44
714,Noibat,Flying,Dragon,40,55,6,False,1271.0,40,30,35,45
715,Noivern,Flying,Dragon,80,123,6,False,2768.0,85,70,80,97
716,Xerneas,Fairy,,98,99,6,True,3903.0,126,131,95,131
717,Yveltal,Dark,Flying,98,99,6,True,3903.0,126,131,95,131
718,Zygarde50% Forme,Dragon,Ground,95,95,6,True,3506.0,108,100,121,81
719,Diancie,Rock,Fairy,150,50,6,True,3293.0,50,100,150,100
719,DiancieMega Diancie,Rock,Fairy,110,110,6,True,3733.0,50,160,110,160
720,HoopaHoopa Confined,Psychic,Ghost,130,70,6,True,3083.0,80,110,60,150
720,HoopaHoopa Unbound,Psychic,Dark,130,80,6,True,3613.0,80,160,60,170
721,Volcanion,Fire,Water,90,70,6,True,3423.0,80,110,120,130
